class	path
securibench.micro.inter.Inter2	/home/nima/Developer/taint-benchmarks/securibenchh20180525/src/main/java/securibench/micro/inter/Inter2.java
securibench.micro.BasicTestCase	/home/nima/Developer/taint-benchmarks/securibenchh20180525/src/main/java/securibench/micro/BasicTestCase.java
securibench.micro.MicroTestCase	/home/nima/Developer/taint-benchmarks/securibenchh20180525/src/main/java/securibench/micro/MicroTestCase.java
securibench.micro.basic.Basic40	/home/nima/Developer/taint-benchmarks/securibenchh20180525/src/main/java/securibench/micro/basic/Basic40.java
securibench.micro.arrays.Arrays1	/home/nima/Developer/taint-benchmarks/securibenchh20180525/src/main/java/securibench/micro/arrays/Arrays1.java
securibench.micro.reflection.Refl4	/home/nima/Developer/taint-benchmarks/securibenchh20180525/src/main/java/securibench/micro/reflection/Refl4.java
securibench.micro.reflection.Refl4$ReflectivelyCreated	/home/nima/Developer/taint-benchmarks/securibenchh20180525/src/main/java/securibench/micro/reflection/Refl4.java
securibench.micro.basic.Basic23	/home/nima/Developer/taint-benchmarks/securibenchh20180525/src/main/java/securibench/micro/basic/Basic23.java
securibench.micro.basic.Basic10	/home/nima/Developer/taint-benchmarks/securibenchh20180525/src/main/java/securibench/micro/basic/Basic10.java
securibench.micro.pred.Pred8	/home/nima/Developer/taint-benchmarks/securibenchh20180525/src/main/java/securibench/micro/pred/Pred8.java
securibench.micro.basic.Basic7	/home/nima/Developer/taint-benchmarks/securibenchh20180525/src/main/java/securibench/micro/basic/Basic7.java
securibench.micro.aliasing.Aliasing5	/home/nima/Developer/taint-benchmarks/securibenchh20180525/src/main/java/securibench/micro/aliasing/Aliasing5.java
securibench.micro.sanitizers.Sanitizers6	/home/nima/Developer/taint-benchmarks/securibenchh20180525/src/main/java/securibench/micro/sanitizers/Sanitizers6.java
securibench.micro.basic.Basic38	/home/nima/Developer/taint-benchmarks/securibenchh20180525/src/main/java/securibench/micro/basic/Basic38.java
securibench.micro.basic.Basic24	/home/nima/Developer/taint-benchmarks/securibenchh20180525/src/main/java/securibench/micro/basic/Basic24.java
securibench.micro.inter.Inter1	/home/nima/Developer/taint-benchmarks/securibenchh20180525/src/main/java/securibench/micro/inter/Inter1.java
securibench.micro.arrays.Arrays2	/home/nima/Developer/taint-benchmarks/securibenchh20180525/src/main/java/securibench/micro/arrays/Arrays2.java
securibench.micro.strong_updates.StrongUpdates5	/home/nima/Developer/taint-benchmarks/securibenchh20180525/src/main/java/securibench/micro/strong_updates/StrongUpdates5.java
securibench.micro.inter.Inter11	/home/nima/Developer/taint-benchmarks/securibenchh20180525/src/main/java/securibench/micro/inter/Inter11.java
securibench.micro.basic.Basic42	/home/nima/Developer/taint-benchmarks/securibenchh20180525/src/main/java/securibench/micro/basic/Basic42.java
securibench.micro.basic.Basic9	/home/nima/Developer/taint-benchmarks/securibenchh20180525/src/main/java/securibench/micro/basic/Basic9.java
securibench.micro.basic.Basic6	/home/nima/Developer/taint-benchmarks/securibenchh20180525/src/main/java/securibench/micro/basic/Basic6.java
securibench.micro.sanitizers.Sanitizers5	/home/nima/Developer/taint-benchmarks/securibenchh20180525/src/main/java/securibench/micro/sanitizers/Sanitizers5.java
securibench.micro.basic.Basic37	/home/nima/Developer/taint-benchmarks/securibenchh20180525/src/main/java/securibench/micro/basic/Basic37.java
securibench.micro.pred.Pred9	/home/nima/Developer/taint-benchmarks/securibenchh20180525/src/main/java/securibench/micro/pred/Pred9.java
securibench.micro.arrays.Arrays3	/home/nima/Developer/taint-benchmarks/securibenchh20180525/src/main/java/securibench/micro/arrays/Arrays3.java
securibench.micro.collections.Collections2	/home/nima/Developer/taint-benchmarks/securibenchh20180525/src/main/java/securibench/micro/collections/Collections2.java
securibench.micro.pred.Pred6	/home/nima/Developer/taint-benchmarks/securibenchh20180525/src/main/java/securibench/micro/pred/Pred6.java
securibench.micro.aliasing.Aliasing6	/home/nima/Developer/taint-benchmarks/securibenchh20180525/src/main/java/securibench/micro/aliasing/Aliasing6.java
securibench.micro.reflection.Refl3	/home/nima/Developer/taint-benchmarks/securibenchh20180525/src/main/java/securibench/micro/reflection/Refl3.java
securibench.micro.reflection.Refl3$ReflectivelyCreated	/home/nima/Developer/taint-benchmarks/securibenchh20180525/src/main/java/securibench/micro/reflection/Refl3.java
securibench.micro.aliasing.Aliasing3	/home/nima/Developer/taint-benchmarks/securibenchh20180525/src/main/java/securibench/micro/aliasing/Aliasing3.java
securibench.micro.inter.Inter5	/home/nima/Developer/taint-benchmarks/securibenchh20180525/src/main/java/securibench/micro/inter/Inter5.java
securibench.micro.collections.Collections3	/home/nima/Developer/taint-benchmarks/securibenchh20180525/src/main/java/securibench/micro/collections/Collections3.java
securibench.micro.datastructures.Datastructures6	/home/nima/Developer/taint-benchmarks/securibenchh20180525/src/main/java/securibench/micro/datastructures/Datastructures6.java
securibench.micro.datastructures.Datastructures6$C	/home/nima/Developer/taint-benchmarks/securibenchh20180525/src/main/java/securibench/micro/datastructures/Datastructures6.java
securibench.micro.basic.Basic21	/home/nima/Developer/taint-benchmarks/securibenchh20180525/src/main/java/securibench/micro/basic/Basic21.java
securibench.micro.basic.Basic26	/home/nima/Developer/taint-benchmarks/securibenchh20180525/src/main/java/securibench/micro/basic/Basic26.java
securibench.micro.pred.Pred5	/home/nima/Developer/taint-benchmarks/securibenchh20180525/src/main/java/securibench/micro/pred/Pred5.java
securibench.micro.collections.Collections9	/home/nima/Developer/taint-benchmarks/securibenchh20180525/src/main/java/securibench/micro/collections/Collections9.java
securibench.micro.strong_updates.StrongUpdates3	/home/nima/Developer/taint-benchmarks/securibenchh20180525/src/main/java/securibench/micro/strong_updates/StrongUpdates3.java
securibench.micro.strong_updates.StrongUpdates3$Widget	/home/nima/Developer/taint-benchmarks/securibenchh20180525/src/main/java/securibench/micro/strong_updates/StrongUpdates3.java
securibench.micro.inter.Inter13	/home/nima/Developer/taint-benchmarks/securibenchh20180525/src/main/java/securibench/micro/inter/Inter13.java
securibench.micro.session.Session2	/home/nima/Developer/taint-benchmarks/securibenchh20180525/src/main/java/securibench/micro/session/Session2.java
securibench.micro.basic.Basic20	/home/nima/Developer/taint-benchmarks/securibenchh20180525/src/main/java/securibench/micro/basic/Basic20.java
securibench.micro.reflection.Refl2	/home/nima/Developer/taint-benchmarks/securibenchh20180525/src/main/java/securibench/micro/reflection/Refl2.java
securibench.micro.arrays.Arrays10	/home/nima/Developer/taint-benchmarks/securibenchh20180525/src/main/java/securibench/micro/arrays/Arrays10.java
securibench.micro.inter.Inter4	/home/nima/Developer/taint-benchmarks/securibenchh20180525/src/main/java/securibench/micro/inter/Inter4.java
securibench.micro.basic.Basic27	/home/nima/Developer/taint-benchmarks/securibenchh20180525/src/main/java/securibench/micro/basic/Basic27.java
securibench.micro.basic.Basic17	/home/nima/Developer/taint-benchmarks/securibenchh20180525/src/main/java/securibench/micro/basic/Basic17.java
securibench.micro.basic.Basic17$Widget	/home/nima/Developer/taint-benchmarks/securibenchh20180525/src/main/java/securibench/micro/basic/Basic17.java
securibench.micro.basic.Basic33	/home/nima/Developer/taint-benchmarks/securibenchh20180525/src/main/java/securibench/micro/basic/Basic33.java
securibench.micro.aliasing.Aliasing4	/home/nima/Developer/taint-benchmarks/securibenchh20180525/src/main/java/securibench/micro/aliasing/Aliasing4.java
securibench.micro.basic.Basic36	/home/nima/Developer/taint-benchmarks/securibenchh20180525/src/main/java/securibench/micro/basic/Basic36.java
securibench.micro.factories.Factories2	/home/nima/Developer/taint-benchmarks/securibenchh20180525/src/main/java/securibench/micro/factories/Factories2.java
securibench.micro.basic.Basic39	/home/nima/Developer/taint-benchmarks/securibenchh20180525/src/main/java/securibench/micro/basic/Basic39.java
securibench.micro.arrays.Arrays7	/home/nima/Developer/taint-benchmarks/securibenchh20180525/src/main/java/securibench/micro/arrays/Arrays7.java
securibench.micro.inter.Inter10	/home/nima/Developer/taint-benchmarks/securibenchh20180525/src/main/java/securibench/micro/inter/Inter10.java
securibench.micro.arrays.Arrays4	/home/nima/Developer/taint-benchmarks/securibenchh20180525/src/main/java/securibench/micro/arrays/Arrays4.java
securibench.micro.pred.Pred2	/home/nima/Developer/taint-benchmarks/securibenchh20180525/src/main/java/securibench/micro/pred/Pred2.java
securibench.micro.basic.Basic30	/home/nima/Developer/taint-benchmarks/securibenchh20180525/src/main/java/securibench/micro/basic/Basic30.java
securibench.micro.basic.Basic30$Data	/home/nima/Developer/taint-benchmarks/securibenchh20180525/src/main/java/securibench/micro/basic/Basic30.java
securibench.micro.basic.Basic8	/home/nima/Developer/taint-benchmarks/securibenchh20180525/src/main/java/securibench/micro/basic/Basic8.java
securibench.micro.datastructures.Datastructures3	/home/nima/Developer/taint-benchmarks/securibenchh20180525/src/main/java/securibench/micro/datastructures/Datastructures3.java
securibench.micro.datastructures.Datastructures3$C	/home/nima/Developer/taint-benchmarks/securibenchh20180525/src/main/java/securibench/micro/datastructures/Datastructures3.java
securibench.micro.basic.Basic14	/home/nima/Developer/taint-benchmarks/securibenchh20180525/src/main/java/securibench/micro/basic/Basic14.java
securibench.micro.basic.Basic2	/home/nima/Developer/taint-benchmarks/securibenchh20180525/src/main/java/securibench/micro/basic/Basic2.java
securibench.micro.basic.Basic5	/home/nima/Developer/taint-benchmarks/securibenchh20180525/src/main/java/securibench/micro/basic/Basic5.java
securibench.micro.basic.Basic11	/home/nima/Developer/taint-benchmarks/securibenchh20180525/src/main/java/securibench/micro/basic/Basic11.java
securibench.micro.collections.Collections11	/home/nima/Developer/taint-benchmarks/securibenchh20180525/src/main/java/securibench/micro/collections/Collections11.java
securibench.micro.basic.Basic32	/home/nima/Developer/taint-benchmarks/securibenchh20180525/src/main/java/securibench/micro/basic/Basic32.java
securibench.micro.collections.Collections6	/home/nima/Developer/taint-benchmarks/securibenchh20180525/src/main/java/securibench/micro/collections/Collections6.java
securibench.micro.strong_updates.StrongUpdates1	/home/nima/Developer/taint-benchmarks/securibenchh20180525/src/main/java/securibench/micro/strong_updates/StrongUpdates1.java
securibench.micro.pred.Pred3	/home/nima/Developer/taint-benchmarks/securibenchh20180525/src/main/java/securibench/micro/pred/Pred3.java
securibench.micro.inter.Inter8	/home/nima/Developer/taint-benchmarks/securibenchh20180525/src/main/java/securibench/micro/inter/Inter8.java
securibench.micro.basic.Basic15	/home/nima/Developer/taint-benchmarks/securibenchh20180525/src/main/java/securibench/micro/basic/Basic15.java
securibench.micro.arrays.Arrays6	/home/nima/Developer/taint-benchmarks/securibenchh20180525/src/main/java/securibench/micro/arrays/Arrays6.java
securibench.micro.basic.Basic16	/home/nima/Developer/taint-benchmarks/securibenchh20180525/src/main/java/securibench/micro/basic/Basic16.java
securibench.micro.basic.Basic16$Widget	/home/nima/Developer/taint-benchmarks/securibenchh20180525/src/main/java/securibench/micro/basic/Basic16.java
securibench.micro.collections.Collections11b	/home/nima/Developer/taint-benchmarks/securibenchh20180525/src/main/java/securibench/micro/collections/Collections11b.java
securibench.micro.sanitizers.Sanitizers2	/home/nima/Developer/taint-benchmarks/securibenchh20180525/src/main/java/securibench/micro/sanitizers/Sanitizers2.java
securibench.micro.aliasing.Aliasing1	/home/nima/Developer/taint-benchmarks/securibenchh20180525/src/main/java/securibench/micro/aliasing/Aliasing1.java
securibench.micro.collections.Collections12	/home/nima/Developer/taint-benchmarks/securibenchh20180525/src/main/java/securibench/micro/collections/Collections12.java
securibench.micro.inter.Inter7	/home/nima/Developer/taint-benchmarks/securibenchh20180525/src/main/java/securibench/micro/inter/Inter7.java
securibench.micro.inter.Inter7$Base	/home/nima/Developer/taint-benchmarks/securibenchh20180525/src/main/java/securibench/micro/inter/Inter7.java
securibench.micro.inter.Inter7$ReflectivelyCreated	/home/nima/Developer/taint-benchmarks/securibenchh20180525/src/main/java/securibench/micro/inter/Inter7.java
securibench.micro.arrays.Arrays5	/home/nima/Developer/taint-benchmarks/securibenchh20180525/src/main/java/securibench/micro/arrays/Arrays5.java
securibench.micro.pred.Pred1	/home/nima/Developer/taint-benchmarks/securibenchh20180525/src/main/java/securibench/micro/pred/Pred1.java
securibench.micro.inter.Inter14	/home/nima/Developer/taint-benchmarks/securibenchh20180525/src/main/java/securibench/micro/inter/Inter14.java
securibench.micro.datastructures.Datastructures2	/home/nima/Developer/taint-benchmarks/securibenchh20180525/src/main/java/securibench/micro/datastructures/Datastructures2.java
securibench.micro.datastructures.Datastructures2$C	/home/nima/Developer/taint-benchmarks/securibenchh20180525/src/main/java/securibench/micro/datastructures/Datastructures2.java
securibench.micro.basic.Basic3	/home/nima/Developer/taint-benchmarks/securibenchh20180525/src/main/java/securibench/micro/basic/Basic3.java
securibench.micro.arrays.Arrays8	/home/nima/Developer/taint-benchmarks/securibenchh20180525/src/main/java/securibench/micro/arrays/Arrays8.java
securibench.micro.sanitizers.Sanitizers3	/home/nima/Developer/taint-benchmarks/securibenchh20180525/src/main/java/securibench/micro/sanitizers/Sanitizers3.java
securibench.micro.basic.Basic1	/home/nima/Developer/taint-benchmarks/securibenchh20180525/src/main/java/securibench/micro/basic/Basic1.java
securibench.micro.basic.Basic31	/home/nima/Developer/taint-benchmarks/securibenchh20180525/src/main/java/securibench/micro/basic/Basic31.java
securibench.micro.basic.Basic31$Data	/home/nima/Developer/taint-benchmarks/securibenchh20180525/src/main/java/securibench/micro/basic/Basic31.java
securibench.micro.datastructures.Datastructures4	/home/nima/Developer/taint-benchmarks/securibenchh20180525/src/main/java/securibench/micro/datastructures/Datastructures4.java
securibench.micro.datastructures.Datastructures4$C	/home/nima/Developer/taint-benchmarks/securibenchh20180525/src/main/java/securibench/micro/datastructures/Datastructures4.java
securibench.micro.collections.Collections8	/home/nima/Developer/taint-benchmarks/securibenchh20180525/src/main/java/securibench/micro/collections/Collections8.java
securibench.micro.basic.Basic34	/home/nima/Developer/taint-benchmarks/securibenchh20180525/src/main/java/securibench/micro/basic/Basic34.java
securibench.micro.basic.Basic29	/home/nima/Developer/taint-benchmarks/securibenchh20180525/src/main/java/securibench/micro/basic/Basic29.java
securibench.micro.basic.Basic29$Node	/home/nima/Developer/taint-benchmarks/securibenchh20180525/src/main/java/securibench/micro/basic/Basic29.java
securibench.micro.factories.Factories1	/home/nima/Developer/taint-benchmarks/securibenchh20180525/src/main/java/securibench/micro/factories/Factories1.java
securibench.micro.strong_updates.StrongUpdates2	/home/nima/Developer/taint-benchmarks/securibenchh20180525/src/main/java/securibench/micro/strong_updates/StrongUpdates2.java
securibench.micro.collections.Collections5	/home/nima/Developer/taint-benchmarks/securibenchh20180525/src/main/java/securibench/micro/collections/Collections5.java
securibench.micro.session.Session3	/home/nima/Developer/taint-benchmarks/securibenchh20180525/src/main/java/securibench/micro/session/Session3.java
securibench.micro.collections.Collections14	/home/nima/Developer/taint-benchmarks/securibenchh20180525/src/main/java/securibench/micro/collections/Collections14.java
securibench.micro.sanitizers.Sanitizers4	/home/nima/Developer/taint-benchmarks/securibenchh20180525/src/main/java/securibench/micro/sanitizers/Sanitizers4.java
securibench.micro.basic.Basic12	/home/nima/Developer/taint-benchmarks/securibenchh20180525/src/main/java/securibench/micro/basic/Basic12.java
securibench.micro.arrays.Arrays9	/home/nima/Developer/taint-benchmarks/securibenchh20180525/src/main/java/securibench/micro/arrays/Arrays9.java
securibench.micro.basic.Basic18	/home/nima/Developer/taint-benchmarks/securibenchh20180525/src/main/java/securibench/micro/basic/Basic18.java
securibench.micro.basic.Basic13	/home/nima/Developer/taint-benchmarks/securibenchh20180525/src/main/java/securibench/micro/basic/Basic13.java
securibench.micro.basic.Basic4	/home/nima/Developer/taint-benchmarks/securibenchh20180525/src/main/java/securibench/micro/basic/Basic4.java
securibench.micro.datastructures.Datastructures1	/home/nima/Developer/taint-benchmarks/securibenchh20180525/src/main/java/securibench/micro/datastructures/Datastructures1.java
securibench.micro.datastructures.Datastructures1$C	/home/nima/Developer/taint-benchmarks/securibenchh20180525/src/main/java/securibench/micro/datastructures/Datastructures1.java
securibench.micro.collections.Collections13	/home/nima/Developer/taint-benchmarks/securibenchh20180525/src/main/java/securibench/micro/collections/Collections13.java
securibench.micro.reflection.Refl1	/home/nima/Developer/taint-benchmarks/securibenchh20180525/src/main/java/securibench/micro/reflection/Refl1.java
securibench.micro.strong_updates.StrongUpdates4	/home/nima/Developer/taint-benchmarks/securibenchh20180525/src/main/java/securibench/micro/strong_updates/StrongUpdates4.java
securibench.micro.session.Session1	/home/nima/Developer/taint-benchmarks/securibenchh20180525/src/main/java/securibench/micro/session/Session1.java
securibench.micro.inter.Inter12	/home/nima/Developer/taint-benchmarks/securibenchh20180525/src/main/java/securibench/micro/inter/Inter12.java
securibench.micro.datastructures.Datastructures5	/home/nima/Developer/taint-benchmarks/securibenchh20180525/src/main/java/securibench/micro/datastructures/Datastructures5.java
securibench.micro.datastructures.Datastructures5$C	/home/nima/Developer/taint-benchmarks/securibenchh20180525/src/main/java/securibench/micro/datastructures/Datastructures5.java
securibench.micro.basic.Basic19	/home/nima/Developer/taint-benchmarks/securibenchh20180525/src/main/java/securibench/micro/basic/Basic19.java
securibench.micro.basic.Basic35	/home/nima/Developer/taint-benchmarks/securibenchh20180525/src/main/java/securibench/micro/basic/Basic35.java
securibench.micro.pred.Pred4	/home/nima/Developer/taint-benchmarks/securibenchh20180525/src/main/java/securibench/micro/pred/Pred4.java
securibench.micro.factories.Factories3	/home/nima/Developer/taint-benchmarks/securibenchh20180525/src/main/java/securibench/micro/factories/Factories3.java
securibench.micro.factories.Factories3$StringWrapper	/home/nima/Developer/taint-benchmarks/securibenchh20180525/src/main/java/securibench/micro/factories/Factories3.java
securibench.micro.basic.Basic25	/home/nima/Developer/taint-benchmarks/securibenchh20180525/src/main/java/securibench/micro/basic/Basic25.java
securibench.micro.basic.Basic22	/home/nima/Developer/taint-benchmarks/securibenchh20180525/src/main/java/securibench/micro/basic/Basic22.java
securibench.micro.basic.Basic28	/home/nima/Developer/taint-benchmarks/securibenchh20180525/src/main/java/securibench/micro/basic/Basic28.java
securibench.micro.pred.Pred7	/home/nima/Developer/taint-benchmarks/securibenchh20180525/src/main/java/securibench/micro/pred/Pred7.java
securibench.micro.collections.Collections4	/home/nima/Developer/taint-benchmarks/securibenchh20180525/src/main/java/securibench/micro/collections/Collections4.java
securibench.micro.collections.Collections7	/home/nima/Developer/taint-benchmarks/securibenchh20180525/src/main/java/securibench/micro/collections/Collections7.java
securibench.micro.collections.Collections1	/home/nima/Developer/taint-benchmarks/securibenchh20180525/src/main/java/securibench/micro/collections/Collections1.java
securibench.micro.aliasing.Aliasing2	/home/nima/Developer/taint-benchmarks/securibenchh20180525/src/main/java/securibench/micro/aliasing/Aliasing2.java
securibench.micro.collections.Collections10	/home/nima/Developer/taint-benchmarks/securibenchh20180525/src/main/java/securibench/micro/collections/Collections10.java
securibench.micro.inter.Inter3	/home/nima/Developer/taint-benchmarks/securibenchh20180525/src/main/java/securibench/micro/inter/Inter3.java
securibench.micro.basic.Basic41	/home/nima/Developer/taint-benchmarks/securibenchh20180525/src/main/java/securibench/micro/basic/Basic41.java
securibench.micro.inter.Inter9	/home/nima/Developer/taint-benchmarks/securibenchh20180525/src/main/java/securibench/micro/inter/Inter9.java
securibench.micro.inter.Inter6	/home/nima/Developer/taint-benchmarks/securibenchh20180525/src/main/java/securibench/micro/inter/Inter6.java
securibench.micro.inter.Inter6$ReflectivelyCreated	/home/nima/Developer/taint-benchmarks/securibenchh20180525/src/main/java/securibench/micro/inter/Inter6.java
securibench.micro.sanitizers.Sanitizers1	/home/nima/Developer/taint-benchmarks/securibenchh20180525/src/main/java/securibench/micro/sanitizers/Sanitizers1.java
